{
  "paging": { "page": 1, "total_pages": 1 },
  "result": {
    "rs438811": [
      {
        "alleles": "C>T",
        "bin_index": "chr19.L1.B1.L2.B2.L3.B1.L4.B2.L5.B2.L6.B1.L7.B1.L8.B2.L9.B2.L10.B2.L11.B1.L12.B2.L13.B1",
        "annotation": {
          "ADSP_QC": {
            "17k": {
              "info": {
                "DB": 1.0,
                "DP": 588858,
                "FS": 0,
                "MQ": 59.94,
                "QD": 18.12,
                "SOR": 0.698,
                "MLEAC": 11013,
                "MLEAF": 0.311,
                "VQSLOD": 11.01,
                "culprit": "MQRankSum",
                "ExcessHet": 0.0001,
                "MQRankSum": 0,
                "BaseQRankSum": 0,
                "ReadPosRankSum": -0.021,
                "InbreedingCoeff": 0.0309,
                "POSITIVE_TRAIN_SITE": 1.0
              },
              "qual": 5604060.0,
              "filter": "PASS",
              "format": "GT"
            }
          },
          "associations": {
            "NG00039_GRCh38": { "is_gws": 1, "p_value": 0.000000000000341 },
            "NG00058_GRCh38": {
              "is_gws": 1,
              "p_value": 0.0000000000000000000000000000000000000000000000000000000000000000232
            },
            "NG00076_GRCh38": {
              "is_gws": 1,
              "p_value": 0.0000000000000000000000000000000000000000000000000000000000000000000000000000298
            },
            "NG00056_GRCh38_ALL": {
              "is_gws": 1,
              "p_value": 0.0000000000000000000000000000000000000000000000000000000000000000000000000000000000000000000000000000000000000000000000000000000000000000000000000000000000000000000000000000000000000000000000000000000000000000000000000000000000000000000000000000000000000000000000000000000000000000000000000000000000000000001
            },
            "NG00073_GRCh38_MEM": { "is_gws": 1, "p_value": 0 },
            "NG00073_GRCh38_MIX": { "is_gws": 0, "p_value": 0.0000231 },
            "NG00073_GRCh38_VSP": { "is_gws": 1, "p_value": 0.00000000000811 },
            "NG00055_GRCh38_PTAU": {
              "is_gws": 1,
              "p_value": 0.00000000000000956
            },
            "NG00073_GRCh38_LANG": { "is_gws": 0, "p_value": 0.00000379 },
            "NG00073_GRCh38_NONE": {
              "is_gws": 1,
              "p_value": 0.0000000000000000000000000493
            },
            "NG00115_GRCh38_MALE": {
              "is_gws": 1,
              "p_value": 0.0000000000000000000000000000000000000000000000000000000000000000000001
            },
            "NG00115_GRCh38_FEMALE": {
              "is_gws": 1,
              "p_value": 0.00000000000000000000000000000000000000000000000000000000000000000000000000000000000000000000000000000000000000000000000441
            },
            "NG00056_GRCh38_APOE_E4": {
              "is_gws": 1,
              "p_value": 0.0000000000000000000000196
            },
            "NG00056_GRCh38_NON_APOE_E4": { "is_gws": 0, "p_value": 0.0000232 },
            "NG00056_GRCh38_ALL_APOE_ADJ": {
              "is_gws": 1,
              "p_value": 0.0000000000000000000000000000129
            }
          },
          "mapped_coordinates": {
            "assembly": "GRCh37",
            "location": 45416741,
            "chromosome": "19",
            "matched_variants": ["19:45416741:C:T_rs438811"]
          },
          "ranked_consequences": {
            "transcript_consequences": [
              {
                "exon": "1/1",
                "rank": 292,
                "impact": "MODIFIER",
                "strand": 1,
                "biotype": "TEC",
                "gene_id": "ENSG00000280087",
                "cdna_end": 4110,
                "canonical": 1,
                "cdna_start": 4110,
                "gene_symbol": "AC011481.3",
                "transcript_id": "ENST00000623895",
                "variant_allele": "T",
                "consequence_terms": ["non_coding_transcript_exon_variant"],
                "gene_symbol_source": "Clone_based_ensembl_gene",
                "consequence_is_coding": false,
                "vep_consequence_order_num": 6
              },
              {
                "tsl": 3,
                "rank": 293,
                "impact": "MODIFIER",
                "strand": 1,
                "trembl": ["K7ELM9.43"],
                "biotype": "protein_coding",
                "gene_id": "ENSG00000130208",
                "hgnc_id": "HGNC:607",
                "uniparc": ["UPI0002840C14"],
                "distance": 1385,
                "protein_id": "ENSP00000466146",
                "gene_symbol": "APOC1",
                "tssdistance": 1385,
                "transcript_id": "ENST00000586638",
                "variant_allele": "T",
                "consequence_terms": ["upstream_gene_variant"],
                "gene_symbol_source": "HGNC",
                "consequence_is_coding": false,
                "vep_consequence_order_num": 1
              },
              {
                "tsl": 1,
                "ccds": "CCDS12648.1",
                "rank": 293,
                "impact": "MODIFIER",
                "strand": 1,
                "trembl": ["A0A024R0T8.31"],
                "biotype": "protein_coding",
                "gene_id": "ENSG00000130208",
                "hgnc_id": "HGNC:607",
                "uniparc": ["UPI0000125C19"],
                "distance": 763,
                "swissprot": ["P02654.191"],
                "protein_id": "ENSP00000465356",
                "gene_symbol": "APOC1",
                "tssdistance": 763,
                "transcript_id": "ENST00000588750",
                "variant_allele": "T",
                "consequence_terms": ["upstream_gene_variant"],
                "gene_symbol_source": "HGNC",
                "consequence_is_coding": false,
                "vep_consequence_order_num": 2
              },
              {
                "tsl": 1,
                "ccds": "CCDS12648.1",
                "rank": 293,
                "impact": "MODIFIER",
                "strand": 1,
                "trembl": ["A0A024R0T8.31"],
                "biotype": "protein_coding",
                "gene_id": "ENSG00000130208",
                "hgnc_id": "HGNC:607",
                "uniparc": ["UPI0000125C19"],
                "distance": 841,
                "swissprot": ["P02654.191"],
                "protein_id": "ENSP00000468029",
                "gene_symbol": "APOC1",
                "tssdistance": 841,
                "transcript_id": "ENST00000588802",
                "variant_allele": "T",
                "consequence_terms": ["upstream_gene_variant"],
                "gene_symbol_source": "HGNC",
                "consequence_is_coding": false,
                "vep_consequence_order_num": 3
              },
              {
                "tsl": 3,
                "rank": 293,
                "impact": "MODIFIER",
                "strand": 1,
                "trembl": ["K7EPR9.24"],
                "biotype": "protein_coding",
                "gene_id": "ENSG00000130208",
                "hgnc_id": "HGNC:607",
                "uniparc": ["UPI0002840C11"],
                "distance": 1226,
                "protein_id": "ENSP00000467504",
                "gene_symbol": "APOC1",
                "tssdistance": 1226,
                "transcript_id": "ENST00000589781",
                "variant_allele": "T",
                "consequence_terms": ["upstream_gene_variant"],
                "gene_symbol_source": "HGNC",
                "consequence_is_coding": false,
                "vep_consequence_order_num": 4
              },
              {
                "tsl": 3,
                "rank": 293,
                "impact": "MODIFIER",
                "strand": 1,
                "trembl": ["K7EPF9.43"],
                "biotype": "protein_coding",
                "gene_id": "ENSG00000130208",
                "hgnc_id": "HGNC:607",