{
	"data": {
		"id": [
			"HR",
			"HR",
			"HR",
			"HR",
			"HR",
			"HR",
			"HR",
			"HR",
			"HR",
			"HR",
			"HR",
			"HR",
			"HR",
			"HR"
		],
		"pos_cm": [
			71.438429,
			71.438626,
			71.43871,
			71.447614,
			71.450984,
			71.4581,
			71.458233,
			71.459131,
			71.463587,
			71.464969,
			71.466475,
			71.466721,
			71.467086,
			71.467442
		],
		"position": [
			45382985,
			45383038,
			45383062,
			45385760,
			45386856,
			45389175,
			45389225,
			45389597,
			45392255,
			45393474,
			45395267,
			45395620,
			45396145,
			45396674
		],
		"chromosome": [
			"19",
			"19",
			"19",
			"19",
			"19",
			"19",
			"19",
			"19",
			"19",
			"19",
			"19",
			"19",
			"19",
			"19"
		],
		"recomb_rate": [
			3.709774,
			3.507505,
			3.300134,
			3.074799,
			3.068524,
			2.659702,
			2.413461,
			1.676552,
			1.13377,
			0.840115,
			0.694951,
			0.696308,
			0.6721,
			0.675004
		]
	}
}